day,time,operation
1,17:08,команда создана в графане
1,17:08,команда создана
1,17:08,подписка для команды создана
1,17:08,зарегистрировался
1,18:33,команда создана в графане
1,18:33,команда создана
1,18:33,подписка для команды создана
1,18:33,зарегистрировался
1,21:02,команда создана в графане
1,21:02,команда создана
1,21:02,подписка для команды создана
1,21:02,зарегистрировался
1,21:16,запустил test
1,21:19,стартовал grafana
1,21:20,перешел в status FINISHED
1,21:27,запустил test
1,21:29,стартовал grafana
1,21:34,перешел в status TEST_STOPPING
1,21:34,перешел в status CANCELED
2,08:49,команда создана в графане
2,08:49,команда создана
2,08:49,зарегистрировался
2,08:49,подписка для команды создана
2,16:36,запустил test
2,16:36,перешел в status TEST_STOPPING
2,16:36,перешел в status CANCELED
2,23:48,команда создана в графане
2,23:48,подписка для команды создана
2,23:48,команда создана
2,23:48,зарегистрировался
3,00:02,запустил test
3,00:05,стартовал grafana
3,00:17,перешел в status FINISHED
3,00:28,запустил test
3,00:30,стартовал grafana
3,00:42,перешел в status FINISHED
3,09:22,запустил test
3,09:24,стартовал grafana
3,09:37,перешел в status FINISHED
3,19:35,команда создана в графане
3,19:35,подписка для команды создана
3,19:35,команда создана
3,19:35,зарегистрировался
4,12:13,команда создана в графане
4,12:13,команда создана
4,12:13,подписка для команды создана
4,12:13,зарегистрировался
4,23:50,запустил test
4,23:52,стартовал grafana
4,23:54,перешел в status FINISHED
5,14:14,обновил подписку
5,14:15,обновил подписку
6,12:21,запустил test
6,12:22,стартовал grafana
6,12:30,перешел в status FAILED
6,12:43,запустил test
6,12:44,стартовал grafana
6,12:52,перешел в status FAILED
6,12:57,запустил test
6,12:58,стартовал grafana
6,12:58,перешел в status FINISHED
6,13:34,запустил test
6,13:34,стартовал grafana
6,13:42,перешел в status FAILED
6,13:58,запустил test
6,13:58,стартовал grafana
6,14:09,перешел в status FAILED
6,14:12,запустил test
6,14:14,стартовал grafana
6,14:47,перешел в status FINISHED
6,15:19,запустил test
6,15:21,стартовал grafana
6,15:38,перешел в status TEST_STOPPING
6,15:38,перешел в status CANCELED
6,15:39,запустил test
6,15:39,стартовал grafana
6,15:53,перешел в status TEST_STOPPING
6,15:53,перешел в status CANCELED
6,15:53,запустил test
6,15:53,запустил test
6,15:53,стартовал grafana
6,15:53,стартовал grafana
6,16:01,перешел в status TEST_STOPPING
6,16:01,перешел в status CANCELED
6,16:02,запустил test
6,16:02,стартовал grafana
6,16:05,команда создана в графане
6,16:05,подписка для команды создана
6,16:05,команда создана
6,16:05,зарегистрировался
6,16:31,перешел в status FINISHED
6,16:38,перешел в status FINISHED
7,06:52,запустил test
7,06:55,стартовал grafana
7,07:03,перешел в status TEST_STOPPING
7,07:03,перешел в status CANCELED
7,07:33,запустил test
7,07:38,стартовал grafana
7,07:39,перешел в status TEST_STOPPING
7,07:39,перешел в status CANCELED
7,07:40,запустил test
7,07:44,стартовал grafana
7,07:46,перешел в status TEST_STOPPING
7,07:46,перешел в status CANCELED
7,07:52,запустил test
7,07:54,стартовал grafana
7,08:11,перешел в status TEST_STOPPING
7,08:11,перешел в status CANCELED
7,08:11,запустил test
7,08:12,стартовал grafana
7,08:47,перешел в status FINISHED
7,09:18,запустил test
7,09:20,стартовал grafana
7,09:38,перешел в status TEST_STOPPING
7,09:38,перешел в status CANCELED
7,09:39,запустил test
7,09:42,стартовал grafana
7,09:46,перешел в status TEST_STOPPING
7,09:46,перешел в status CANCELED
7,09:46,запустил test
7,09:47,стартовал grafana
7,09:53,перешел в status TEST_STOPPING
7,09:53,перешел в status CANCELED
7,10:04,запустил test
7,10:04,запустил test
7,10:04,стартовал grafana
7,10:04,запустил test
7,10:04,запустил test
7,10:04,стартовал grafana
7,10:05,стартовал grafana
7,10:06,стартовал grafana
7,10:11,перешел в status TEST_STOPPING
7,10:11,перешел в status CANCELED
7,10:11,перешел в status TEST_STOPPING
7,10:11,перешел в status CANCELED
7,10:11,перешел в status TEST_STOPPING
7,10:11,перешел в status CANCELED
7,10:12,перешел в status TEST_STOPPING
7,10:12,перешел в status CANCELED
7,10:14,запустил test
7,10:14,запустил test
7,10:14,стартовал grafana
7,10:14,запустил test
7,10:14,стартовал grafana
7,10:14,стартовал grafana
7,10:14,запустил test
7,10:15,стартовал grafana
7,10:18,перешел в status TEST_STOPPING
7,10:18,перешел в status CANCELED
7,10:18,перешел в status TEST_STOPPING
7,10:18,перешел в status CANCELED
7,10:18,перешел в status TEST_STOPPING
7,10:18,перешел в status CANCELED
7,10:18,перешел в status TEST_STOPPING
7,10:18,перешел в status CANCELED
7,10:19,запустил test
7,10:20,стартовал grafana
7,10:20,запустил test
7,10:20,запустил test
7,10:20,стартовал grafana
7,10:20,стартовал grafana
7,10:20,запустил test
7,10:20,стартовал grafana
7,10:22,перешел в status TEST_STOPPING
7,10:22,перешел в status CANCELED
7,10:22,перешел в status TEST_STOPPING
7,10:22,перешел в status CANCELED
7,10:22,перешел в status TEST_STOPPING
7,10:22,перешел в status CANCELED
7,10:22,перешел в status TEST_STOPPING
7,10:22,перешел в status CANCELED
7,10:23,запустил test
7,10:24,запустил test
7,10:24,запустил test
7,10:24,запустил test
7,10:24,стартовал grafana
7,10:24,стартовал grafana
7,10:24,стартовал grafana
7,10:24,стартовал grafana
7,10:26,перешел в status TEST_STOPPING
7,10:26,перешел в status CANCELED
7,10:26,перешел в status TEST_STOPPING
7,10:26,перешел в status CANCELED
7,10:26,перешел в status TEST_STOPPING
7,10:26,перешел в status CANCELED
7,10:27,перешел в status TEST_STOPPING
7,10:27,перешел в status CANCELED
7,10:27,запустил test
7,10:27,стартовал grafana
7,10:29,запустил test
7,10:30,стартовал grafana
7,10:32,запустил test
7,10:32,стартовал grafana
7,10:34,перешел в status TEST_STOPPING
7,10:34,перешел в status CANCELED
7,10:35,запустил test
7,10:35,стартовал grafana
7,10:40,перешел в status TEST_STOPPING
7,10:40,перешел в status CANCELED
7,10:41,перешел в status TEST_STOPPING
7,10:41,перешел в status CANCELED
7,10:41,перешел в status TEST_STOPPING
7,10:41,перешел в status CANCELED
7,10:43,запустил test
7,10:43,запустил test
7,10:43,запустил test
7,10:43,запустил test
7,10:45,стартовал grafana
7,10:45,стартовал grafana
7,10:45,стартовал grafana
7,10:45,стартовал grafana
7,10:48,перешел в status TEST_STOPPING
7,10:48,перешел в status CANCELED
7,10:48,перешел в status TEST_STOPPING
7,10:48,перешел в status CANCELED
7,10:48,перешел в status TEST_STOPPING
7,10:48,перешел в status CANCELED
7,10:48,перешел в status TEST_STOPPING
7,10:48,перешел в status CANCELED
7,10:50,запустил test
7,10:50,запустил test
7,10:50,запустил test
7,10:50,стартовал grafana
7,10:50,стартовал grafana
7,10:50,запустил test
7,10:52,стартовал grafana
7,10:53,стартовал grafana
7,10:54,перешел в status TEST_STOPPING
7,10:54,перешел в status CANCELED
7,10:54,запустил test
7,10:56,стартовал grafana
7,10:58,перешел в status TEST_STOPPING
7,10:58,перешел в status CANCELED
7,10:58,перешел в status TEST_STOPPING
7,10:58,перешел в status CANCELED
7,10:58,перешел в status TEST_STOPPING
7,10:58,перешел в status CANCELED
7,10:58,перешел в status TEST_STOPPING
7,10:58,перешел в status CANCELED
7,11:07,запустил test
7,11:07,запустил test
7,11:07,запустил test
7,11:07,запустил test
7,11:07,запустил test
7,11:09,стартовал grafana
7,11:09,стартовал grafana
7,11:09,стартовал grafana
7,11:09,стартовал grafana
7,11:12,стартовал grafana
7,11:14,перешел в status TEST_STOPPING
7,11:14,перешел в status CANCELED
7,11:14,перешел в status TEST_STOPPING
7,11:14,перешел в status CANCELED
7,11:14,перешел в status TEST_STOPPING
7,11:14,перешел в status CANCELED
7,11:14,перешел в status TEST_STOPPING
7,11:14,перешел в status CANCELED
7,11:14,перешел в status TEST_STOPPING
7,11:14,перешел в status CANCELED
7,11:15,запустил test
7,11:15,запустил test
7,11:15,запустил test
7,11:15,запустил test
7,11:15,запустил test
7,11:15,стартовал grafana
7,11:15,стартовал grafana
7,11:17,стартовал grafana
7,11:18,стартовал grafana
7,11:18,стартовал grafana
7,11:22,перешел в status TEST_STOPPING
7,11:22,перешел в status CANCELED
7,11:23,перешел в status TEST_STOPPING
7,11:23,перешел в status CANCELED
7,11:23,перешел в status TEST_STOPPING
7,11:23,перешел в status CANCELED
7,11:23,перешел в status TEST_STOPPING
7,11:23,перешел в status CANCELED
7,11:23,перешел в status TEST_STOPPING
7,11:23,перешел в status CANCELED
7,11:41,запустил test
7,11:41,запустил test
7,11:41,запустил test
7,11:41,запустил test
7,11:41,запустил test
7,11:43,стартовал grafana
7,11:43,стартовал grafana
7,11:44,стартовал grafana
7,11:44,стартовал grafana
7,11:44,стартовал grafana
7,11:58,перешел в status TEST_STOPPING
7,11:58,перешел в status CANCELED
7,11:58,перешел в status TEST_STOPPING
7,11:58,перешел в status CANCELED
7,11:58,перешел в status TEST_STOPPING
7,11:58,перешел в status CANCELED
7,11:58,перешел в status TEST_STOPPING
7,11:58,перешел в status CANCELED
7,11:58,перешел в status CANCELED
7,11:58,перешел в status TEST_STOPPING
7,12:10,запустил test
7,12:10,запустил test
7,12:10,запустил test
7,12:10,запустил test
7,12:10,стартовал grafana
7,12:10,стартовал grafana
7,12:10,запустил test
7,12:12,стартовал grafana
7,12:12,стартовал grafana
7,12:12,стартовал grafana
7,12:16,перешел в status TEST_STOPPING
7,12:16,перешел в status CANCELED
7,12:16,перешел в status TEST_STOPPING
7,12:16,перешел в status CANCELED
7,12:16,перешел в status TEST_STOPPING
7,12:16,перешел в status CANCELED
7,12:16,перешел в status TEST_STOPPING
7,12:16,перешел в status CANCELED
7,12:16,перешел в status TEST_STOPPING
7,12:16,перешел в status CANCELED
7,12:39,запустил test
7,12:39,запустил test
7,12:39,запустил test
7,12:39,запустил test
7,12:39,запустил test
7,12:42,стартовал grafana
7,12:42,стартовал grafana
7,12:42,стартовал grafana
7,12:42,стартовал grafana
7,12:42,стартовал grafana
7,12:46,перешел в status TEST_STOPPING
7,12:46,перешел в status CANCELED
7,12:46,перешел в status TEST_STOPPING
7,12:46,перешел в status CANCELED
7,12:46,перешел в status TEST_STOPPING
7,12:46,перешел в status CANCELED
7,12:46,перешел в status TEST_STOPPING
7,12:46,перешел в status CANCELED
7,12:46,перешел в status TEST_STOPPING
7,12:46,перешел в status CANCELED
7,12:50,запустил test
7,12:50,запустил test
7,12:50,запустил test
7,12:50,запустил test
7,12:50,запустил test
7,12:50,стартовал grafana
7,12:50,стартовал grafana
7,12:50,стартовал grafana
7,12:50,стартовал grafana
7,12:50,стартовал grafana
7,12:51,перешел в status FAILED
7,12:51,перешел в status FAILED
7,12:51,перешел в status FAILED
7,12:51,перешел в status FAILED
7,12:51,перешел в status FAILED
7,13:00,запустил test
7,13:00,запустил test
7,13:00,запустил test
7,13:00,запустил test
7,13:00,запустил test
7,13:00,стартовал grafana
7,13:00,стартовал grafana
7,13:01,стартовал grafana
7,13:02,стартовал grafana
7,13:02,стартовал grafana
7,13:05,перешел в status TEST_STOPPING
7,13:05,перешел в status CANCELED
7,13:05,перешел в status TEST_STOPPING
7,13:05,перешел в status CANCELED
7,13:05,перешел в status TEST_STOPPING
7,13:05,перешел в status CANCELED
7,13:05,перешел в status TEST_STOPPING
7,13:05,перешел в status CANCELED
7,13:05,перешел в status TEST_STOPPING
7,13:05,перешел в status CANCELED
7,13:07,запустил test
7,13:07,запустил test
7,13:07,запустил test
7,13:07,запустил test
7,13:07,запустил test
7,13:07,стартовал grafana
7,13:07,стартовал grafana
7,13:07,стартовал grafana
7,13:09,стартовал grafana
7,13:09,стартовал grafana
7,13:17,перешел в status TEST_STOPPING
7,13:17,перешел в status CANCELED
7,13:17,перешел в status TEST_STOPPING
7,13:17,перешел в status CANCELED
7,13:17,перешел в status TEST_STOPPING
7,13:17,перешел в status CANCELED
7,13:17,перешел в status TEST_STOPPING
7,13:17,перешел в status CANCELED
7,13:17,перешел в status TEST_STOPPING
7,13:17,перешел в status CANCELED
7,13:18,запустил test
7,13:18,запустил test
7,13:18,запустил test
7,13:18,стартовал grafana
7,13:20,стартовал grafana
7,13:22,стартовал grafana
7,13:24,перешел в status TEST_STOPPING
7,13:24,перешел в status CANCELED
7,13:24,перешел в status CANCELED
7,13:24,перешел в status TEST_STOPPING
7,13:24,перешел в status TEST_STOPPING
7,13:24,перешел в status CANCELED
7,13:25,запустил test
7,13:25,запустил test
7,13:25,запустил test
7,13:25,стартовал grafana
7,13:25,стартовал grafana
7,13:27,стартовал grafana
7,13:30,перешел в status TEST_STOPPING
7,13:30,перешел в status CANCELED
7,13:30,перешел в status TEST_STOPPING
7,13:30,перешел в status CANCELED
7,13:30,перешел в status TEST_STOPPING
7,13:30,перешел в status CANCELED
7,13:32,запустил test
7,13:32,запустил test
7,13:32,запустил test
7,13:32,стартовал grafana
7,13:33,стартовал grafana
7,13:36,стартовал grafana
7,13:38,перешел в status TEST_STOPPING
7,13:38,перешел в status CANCELED
7,13:39,запустил test
7,13:41,стартовал grafana
7,13:48,перешел в status TEST_STOPPING
7,13:48,перешел в status CANCELED
7,13:49,перешел в status TEST_STOPPING
7,13:49,перешел в status CANCELED
7,13:49,перешел в status TEST_STOPPING
7,13:49,перешел в status CANCELED
7,13:50,запустил test
7,13:50,запустил test
7,13:50,запустил test
7,13:52,стартовал grafana
7,13:52,стартовал grafana
7,13:52,стартовал grafana
7,13:54,перешел в status TEST_STOPPING
7,13:54,перешел в status CANCELED
7,13:54,перешел в status TEST_STOPPING
7,13:54,перешел в status CANCELED
7,13:54,перешел в status TEST_STOPPING
7,13:54,перешел в status CANCELED
7,13:56,запустил test
7,13:56,запустил test
7,13:56,запустил test
7,13:57,стартовал grafana
7,13:57,стартовал grafana
7,13:57,стартовал grafana
7,14:00,перешел в status TEST_STOPPING
7,14:00,перешел в status CANCELED
7,14:00,перешел в status TEST_STOPPING
7,14:00,перешел в status CANCELED
7,14:00,перешел в status TEST_STOPPING
7,14:00,перешел в status CANCELED
7,14:01,запустил test
7,14:01,запустил test
7,14:01,запустил test
7,14:01,стартовал grafana
7,14:01,стартовал grafana
7,14:01,стартовал grafana
7,14:04,перешел в status TEST_STOPPING
7,14:04,перешел в status CANCELED
7,14:05,перешел в status TEST_STOPPING
7,14:05,перешел в status CANCELED
7,14:05,перешел в status TEST_STOPPING
7,14:05,перешел в status CANCELED
7,14:05,запустил test
7,14:05,запустил test
7,14:05,запустил test
7,14:06,стартовал grafana
7,14:07,стартовал grafana
7,14:08,стартовал grafana
7,14:27,перешел в status FINISHED
7,14:29,перешел в status FINISHED
7,14:29,перешел в status FINISHED
7,14:31,запустил test
7,14:35,стартовал grafana
7,14:40,перешел в status TEST_STOPPING
7,14:40,перешел в status CANCELED
7,14:40,запустил test
7,14:40,запустил test
7,14:40,запустил test
7,14:42,стартовал grafana
7,14:42,стартовал grafana
7,14:42,стартовал grafana
7,14:46,перешел в status TEST_STOPPING
7,14:46,перешел в status CANCELED
7,14:46,перешел в status TEST_STOPPING
7,14:46,перешел в status CANCELED
7,14:46,перешел в status TEST_STOPPING
7,14:46,перешел в status CANCELED
7,14:47,запустил test
7,14:47,запустил test
7,14:47,запустил test
7,14:51,стартовал grafana
7,14:51,стартовал grafana
7,14:51,стартовал grafana
7,14:54,перешел в status TEST_STOPPING
7,14:54,перешел в status CANCELED
7,14:54,перешел в status TEST_STOPPING
7,14:54,перешел в status CANCELED
7,14:54,перешел в status TEST_STOPPING
7,14:54,перешел в status CANCELED
7,14:57,запустил test
7,14:57,запустил test
7,14:57,запустил test
7,14:57,запустил test
7,15:00,стартовал grafana
7,15:00,стартовал grafana
7,15:00,стартовал grafana
7,15:00,стартовал grafana
7,15:02,запустил test
7,15:02,перешел в status TEST_STOPPING
7,15:02,перешел в status CANCELED
7,15:02,перешел в status TEST_STOPPING
7,15:02,перешел в status CANCELED
7,15:02,перешел в status TEST_STOPPING
7,15:02,перешел в status CANCELED
7,15:02,перешел в status TEST_STOPPING
7,15:02,перешел в status CANCELED
7,15:04,запустил test
7,15:04,запустил test
7,15:04,запустил test
7,15:04,стартовал grafana
7,15:04,запустил test
7,15:06,стартовал grafana
7,15:06,стартовал grafana
7,15:06,стартовал grafana
7,15:07,стартовал grafana
7,15:09,перешел в status TEST_STOPPING
7,15:09,перешел в status CANCELED
7,15:09,перешел в status TEST_STOPPING
7,15:09,перешел в status CANCELED
7,15:09,перешел в status TEST_STOPPING
7,15:09,перешел в status CANCELED
7,15:09,перешел в status TEST_STOPPING
7,15:09,перешел в status CANCELED
7,15:11,запустил test
7,15:11,запустил test
7,15:11,запустил test
7,15:11,запустил test
7,15:11,стартовал grafana
7,15:11,стартовал grafana
7,15:11,стартовал grafana
7,15:11,стартовал grafana
7,15:14,перешел в status TEST_STOPPING
7,15:14,перешел в status CANCELED
7,15:14,перешел в status TEST_STOPPING
7,15:14,перешел в status CANCELED
7,15:14,перешел в status TEST_STOPPING
7,15:14,перешел в status CANCELED
7,15:14,перешел в status TEST_STOPPING
7,15:14,перешел в status CANCELED
7,15:15,запустил test
7,15:15,запустил test
7,15:15,запустил test
7,15:16,запустил test
7,15:16,стартовал grafana
7,15:16,стартовал grafana
7,15:16,стартовал grafana
7,15:16,стартовал grafana
7,15:16,перешел в status FINISHED
7,15:17,перешел в status TEST_STOPPING
7,15:17,перешел в status CANCELED
7,15:17,перешел в status TEST_STOPPING
7,15:17,перешел в status CANCELED
7,15:17,перешел в status TEST_STOPPING
7,15:17,перешел в status CANCELED
7,15:17,перешел в status TEST_STOPPING
7,15:17,перешел в status CANCELED
7,15:19,запустил test
7,15:19,запустил test
7,15:19,запустил test
7,15:19,запустил test
7,15:21,стартовал grafana
7,15:21,стартовал grafana
7,15:21,стартовал grafana
7,15:21,стартовал grafana
7,15:24,перешел в status TEST_STOPPING
7,15:24,перешел в status CANCELED
7,15:24,перешел в status TEST_STOPPING
7,15:24,перешел в status CANCELED
7,15:25,перешел в status TEST_STOPPING
7,15:25,перешел в status CANCELED
7,15:25,перешел в status TEST_STOPPING
7,15:25,перешел в status CANCELED
7,15:25,запустил test
7,15:25,запустил test
7,15:25,запустил test
7,15:25,запустил test
7,15:26,стартовал grafana
7,15:26,стартовал grafana
7,15:26,стартовал grafana
7,15:26,стартовал grafana
7,15:40,перешел в status TEST_STOPPING
7,15:40,перешел в status CANCELED
7,15:40,перешел в status TEST_STOPPING
7,15:40,перешел в status CANCELED
7,15:40,перешел в status TEST_STOPPING
7,15:40,перешел в status CANCELED
7,15:40,перешел в status TEST_STOPPING
7,15:40,перешел в status CANCELED
7,15:48,запустил test
7,15:48,стартовал grafana
7,15:51,перешел в status TEST_STOPPING
7,15:51,перешел в status CANCELED
7,15:52,запустил test
7,15:52,стартовал grafana
7,15:54,перешел в status TEST_STOPPING
7,15:54,перешел в status CANCELED
7,15:57,запустил test
7,15:57,запустил test
7,15:57,запустил test
7,15:57,стартовал grafana
7,15:59,стартовал grafana
7,15:59,стартовал grafana
7,16:15,перешел в status FINISHED
7,16:17,перешел в status FINISHED
7,16:17,перешел в status FINISHED
7,16:20,запустил test
7,16:20,запустил test
7,16:20,запустил test
7,16:21,стартовал grafana
7,16:21,перешел в status TEST_STOPPING
7,16:21,перешел в status CANCELED
7,16:21,перешел в status TEST_STOPPING
7,16:21,перешел в status CANCELED
7,16:21,перешел в status TEST_STOPPING
7,16:21,перешел в status CANCELED
7,16:23,запустил test
7,16:23,запустил test
7,16:23,запустил test
7,16:23,стартовал grafana
7,16:24,перешел в status TEST_STOPPING
7,16:24,перешел в status CANCELED
7,16:24,перешел в status TEST_STOPPING
7,16:24,перешел в status CANCELED
7,16:24,перешел в status TEST_STOPPING
7,16:24,перешел в status CANCELED
7,16:33,запустил test
7,16:33,запустил test
7,16:33,запустил test
7,16:33,стартовал grafana
7,16:35,стартовал grafana
7,16:35,стартовал grafana
7,16:51,перешел в status FINISHED
7,16:53,перешел в status FINISHED
7,16:53,перешел в status FINISHED
7,17:17,запустил test
7,17:17,перешел в status TEST_STOPPING
7,17:17,перешел в status CANCELED
7,17:18,запустил test
7,17:21,стартовал grafana
7,17:22,перешел в status TEST_STOPPING
7,17:22,перешел в status CANCELED
7,17:27,запустил test
7,17:28,стартовал grafana
7,17:56,перешел в status FINISHED
7,17:57,запустил test
7,17:57,запустил test
7,17:57,запустил test
7,17:57,стартовал grafana
7,17:57,запустил test
7,17:59,стартовал grafana
7,17:59,стартовал grafana
7,17:59,стартовал grafana
7,18:18,перешел в status FINISHED
7,18:20,перешел в status FINISHED
7,18:20,перешел в status FINISHED
7,18:20,перешел в status FINISHED
8,11:49,команда создана в графане
8,11:49,команда создана
8,11:49,зарегистрировался
8,11:49,подписка для команды создана
8,12:11,запустил test
8,12:13,стартовал grafana
8,12:18,перешел в status TEST_STOPPING
8,12:18,перешел в status CANCELED
8,17:22,запустил test
8,17:22,стартовал grafana
8,17:22,запустил test
8,17:25,стартовал grafana
8,17:26,перешел в status TEST_STOPPING
8,17:26,перешел в status CANCELED
8,17:26,перешел в status TEST_STOPPING
8,17:26,перешел в status CANCELED
8,18:47,запустил test
8,18:47,стартовал grafana
8,18:50,запустил test
8,18:53,стартовал grafana
8,18:53,запустил test
8,18:53,стартовал grafana
8,18:58,перешел в status TEST_STOPPING
8,18:58,перешел в status CANCELED
8,18:58,перешел в status TEST_STOPPING
8,18:58,перешел в status CANCELED
8,18:58,перешел в status TEST_STOPPING
8,18:58,перешел в status CANCELED
9,09:31,обновил подписку
9,13:33,команда создана в графане
9,13:33,подписка для команды создана
9,13:33,команда создана
9,13:33,зарегистрировался
9,13:59,команда создана в графане
9,13:59,подписка для команды создана
9,13:59,зарегистрировался
9,13:59,команда создана
9,17:16,запустил test
9,17:17,стартовал grafana
9,17:23,перешел в status FINISHED
10,07:08,запустил test
10,07:09,стартовал grafana
10,07:42,перешел в status FINISHED
10,07:57,запустил test
10,07:57,запустил test
10,07:57,запустил test
10,07:57,запустил test
10,07:59,стартовал grafana
10,07:59,стартовал grafana
10,07:59,стартовал grafana
10,08:00,стартовал grafana
10,08:18,перешел в status TEST_STOPPING
10,08:18,перешел в status CANCELED
10,08:18,перешел в status TEST_STOPPING
10,08:18,перешел в status CANCELED
10,08:18,перешел в status TEST_STOPPING
10,08:18,перешел в status CANCELED
10,08:18,перешел в status TEST_STOPPING
10,08:18,перешел в status CANCELED
10,08:34,запустил test
10,08:34,перешел в status TEST_STOPPING
10,08:35,перешел в status FAILED
10,20:48,запустил test
10,20:48,стартовал grafana
10,20:48,запустил test
10,20:49,запустил test
10,20:51,стартовал grafana
10,20:51,стартовал grafana
10,20:59,перешел в status TEST_STOPPING
10,20:59,перешел в status CANCELED
10,21:01,перешел в status TEST_STOPPING
10,21:01,перешел в status CANCELED
10,21:02,перешел в status TEST_STOPPING
10,21:02,перешел в status CANCELED
10,21:03,запустил test
10,21:04,стартовал grafana
10,21:04,запустил test
10,21:04,стартовал grafana
10,21:04,запустил test
10,21:05,стартовал grafana
10,21:09,перешел в status TEST_STOPPING
10,21:09,перешел в status CANCELED
10,21:10,запустил test
10,21:10,стартовал grafana
10,21:12,перешел в status TEST_STOPPING
10,21:12,перешел в status CANCELED
10,21:13,перешел в status TEST_STOPPING
10,21:13,перешел в status CANCELED
10,21:13,перешел в status TEST_STOPPING
10,21:13,перешел в status CANCELED
10,21:33,запустил test
10,21:33,запустил test
10,21:33,запустил test
10,21:33,стартовал grafana
10,21:36,стартовал grafana
10,21:36,стартовал grafana
10,22:09,перешел в status FINISHED
10,22:11,перешел в status FINISHED
10,22:11,перешел в status FINISHED
11,12:48,запустил test
11,12:48,запустил test
11,12:48,запустил test
11,12:50,стартовал grafana
11,12:50,стартовал grafana
11,12:50,стартовал grafana
11,13:25,перешел в status FINISHED
11,13:26,перешел в status FINISHED
11,13:26,перешел в status FINISHED
11,14:02,запустил test
11,14:02,запустил test
11,14:02,запустил test
11,14:04,стартовал grafana
11,14:04,стартовал grafana
11,14:04,стартовал grafana
11,14:45,запустил test
11,14:45,запустил test
11,14:45,запустил test
11,14:45,запустил test
11,14:45,стартовал grafana
11,14:45,стартовал grafana
11,14:45,стартовал grafana
11,14:45,стартовал grafana
11,14:46,перешел в status FINISHED
11,14:46,перешел в status FINISHED
11,14:46,перешел в status FINISHED
11,14:49,перешел в status TEST_STOPPING
11,14:49,перешел в status CANCELED
11,14:49,перешел в status TEST_STOPPING
11,14:49,перешел в status CANCELED
11,14:49,перешел в status TEST_STOPPING
11,14:49,перешел в status CANCELED
11,14:49,перешел в status TEST_STOPPING
11,14:49,перешел в status CANCELED
11,14:51,запустил test
11,14:51,запустил test
11,14:52,запустил test
11,14:52,запустил test
11,14:52,стартовал grafana
11,14:53,стартовал grafana
11,14:53,стартовал grafana
11,14:53,стартовал grafana
11,15:13,перешел в status FINISHED
11,15:14,перешел в status FINISHED
11,15:15,перешел в status FINISHED
11,15:15,перешел в status FINISHED
11,16:04,запустил test
11,16:04,запустил test
11,16:04,запустил test
11,16:07,стартовал grafana
11,16:07,стартовал grafana
11,16:07,стартовал grafana
11,16:42,перешел в status FINISHED
11,16:43,перешел в status FINISHED
11,16:43,перешел в status FINISHED
11,16:44,запустил test
11,16:44,запустил test
11,16:44,запустил test
11,16:44,стартовал grafana
11,16:46,стартовал grafana
11,16:46,стартовал grafana
11,17:05,перешел в status TEST_STOPPING
11,17:05,перешел в status CANCELED
11,17:05,перешел в status TEST_STOPPING
11,17:05,перешел в status CANCELED
11,17:05,перешел в status TEST_STOPPING
11,17:05,перешел в status CANCELED
11,17:06,запустил test
11,17:06,запустил test
11,17:06,запустил test
11,17:06,стартовал grafana
11,17:06,стартовал grafana
11,17:06,стартовал grafana
11,17:10,перешел в status TEST_STOPPING
11,17:10,перешел в status CANCELED
11,17:10,перешел в status TEST_STOPPING
11,17:10,перешел в status CANCELED
11,17:10,перешел в status TEST_STOPPING
11,17:10,перешел в status CANCELED
11,17:10,запустил test
11,17:10,запустил test
11,17:10,запустил test
11,17:11,стартовал grafana
11,17:13,стартовал grafana
11,17:13,стартовал grafana
11,17:46,перешел в status FINISHED
11,17:48,перешел в status FINISHED
11,17:48,перешел в status FINISHED
11,20:54,команда создана в графане
11,20:54,команда создана
11,20:54,подписка для команды создана
11,20:54,зарегистрировался
12,18:01,команда создана в графане
12,18:01,команда создана
12,18:01,подписка для команды создана
12,18:01,зарегистрировался
13,00:47,команда создана в графане
13,00:47,подписка для команды создана
13,00:47,зарегистрировался
13,00:47,команда создана
13,14:20,запустил test
13,14:22,стартовал grafana
13,14:29,перешел в status FINISHED
13,14:41,запустил test
13,14:41,перешел в status TEST_STOPPING
13,14:42,перешел в status FAILED
13,18:00,запустил test
13,18:00,запустил test
13,18:00,запустил test
13,18:03,стартовал grafana
13,18:03,стартовал grafana
13,18:03,стартовал grafana
13,18:04,перешел в status TEST_STOPPING
13,18:04,перешел в status CANCELED
13,18:04,перешел в status TEST_STOPPING
13,18:04,перешел в status CANCELED
13,18:04,перешел в status TEST_STOPPING
13,18:04,перешел в status CANCELED
13,18:05,запустил test
13,18:05,запустил test
13,18:05,запустил test
13,18:05,стартовал grafana
13,18:05,стартовал grafana
13,18:05,стартовал grafana
13,18:06,перешел в status TEST_STOPPING
13,18:06,перешел в status CANCELED
13,18:07,перешел в status TEST_STOPPING
13,18:07,перешел в status CANCELED
13,18:07,перешел в status TEST_STOPPING
13,18:07,перешел в status CANCELED
13,18:07,запустил test
13,18:07,запустил test
13,18:07,запустил test
13,18:08,стартовал grafana
13,18:08,стартовал grafana
13,18:08,стартовал grafana
13,18:27,перешел в status TEST_STOPPING
13,18:27,перешел в status CANCELED
13,18:27,перешел в status TEST_STOPPING
13,18:27,перешел в status CANCELED
13,18:27,перешел в status TEST_STOPPING
13,18:27,перешел в status CANCELED
13,18:29,запустил test
13,18:29,запустил test
13,18:29,запустил test
13,18:29,стартовал grafana
13,18:29,стартовал grafana
13,18:29,стартовал grafana
13,18:32,перешел в status TEST_STOPPING
13,18:32,перешел в status CANCELED
13,18:32,перешел в status TEST_STOPPING
13,18:32,перешел в status CANCELED
13,18:32,перешел в status TEST_STOPPING
13,18:32,перешел в status CANCELED
13,18:39,запустил test
13,18:39,запустил test
13,18:39,запустил test
13,18:39,стартовал grafana
13,18:39,стартовал grafana
13,18:39,стартовал grafana
13,18:42,перешел в status TEST_STOPPING
13,18:42,перешел в status CANCELED
13,18:42,перешел в status TEST_STOPPING
13,18:42,перешел в status CANCELED
13,18:42,перешел в status TEST_STOPPING
13,18:42,перешел в status CANCELED
13,18:43,запустил test
13,18:43,запустил test
13,18:43,запустил test
13,18:43,стартовал grafana
13,18:43,стартовал grafana
13,18:43,стартовал grafana
13,18:47,перешел в status TEST_STOPPING
13,18:47,перешел в status CANCELED
13,18:47,перешел в status TEST_STOPPING
13,18:47,перешел в status CANCELED
13,18:47,перешел в status TEST_STOPPING
13,18:47,перешел в status CANCELED
13,18:49,запустил test
13,18:49,запустил test
13,18:49,запустил test
13,18:49,стартовал grafana
13,18:49,стартовал grafana
13,18:49,стартовал grafana
13,18:51,перешел в status TEST_STOPPING
13,18:51,перешел в status CANCELED
13,18:51,перешел в status TEST_STOPPING
13,18:51,перешел в status CANCELED
13,18:51,перешел в status TEST_STOPPING
13,18:51,перешел в status CANCELED
13,18:53,запустил test
13,18:53,запустил test
13,18:53,запустил test
13,18:53,стартовал grafana
13,18:53,стартовал grafana
13,18:53,стартовал grafana
13,18:56,перешел в status TEST_STOPPING
13,18:56,перешел в status CANCELED
13,18:56,перешел в status TEST_STOPPING
13,18:56,перешел в status CANCELED
13,18:56,перешел в status TEST_STOPPING
13,18:56,перешел в status CANCELED
13,18:58,запустил test
13,18:58,запустил test
13,18:58,стартовал grafana
13,18:58,запустил test
13,18:58,стартовал grafana
13,18:58,стартовал grafana
13,19:00,перешел в status TEST_STOPPING
13,19:00,перешел в status CANCELED
13,19:00,перешел в status TEST_STOPPING
13,19:00,перешел в status CANCELED
13,19:00,перешел в status TEST_STOPPING
13,19:00,перешел в status CANCELED
13,19:01,запустил test
13,19:01,запустил test
13,19:01,запустил test
13,19:01,стартовал grafana
13,19:01,стартовал grafana
13,19:01,стартовал grafana
13,19:03,перешел в status TEST_STOPPING
13,19:03,перешел в status CANCELED
13,19:03,перешел в status TEST_STOPPING
13,19:03,перешел в status CANCELED
13,19:03,перешел в status TEST_STOPPING
13,19:03,перешел в status CANCELED
13,19:05,запустил test
13,19:05,запустил test
13,19:05,запустил test
13,19:05,стартовал grafana
13,19:05,стартовал grafana
13,19:05,стартовал grafana
13,19:10,перешел в status TEST_STOPPING
13,19:10,перешел в status CANCELED
13,19:10,перешел в status TEST_STOPPING
13,19:10,перешел в status CANCELED
13,19:10,перешел в status TEST_STOPPING
13,19:10,перешел в status CANCELED
13,19:13,запустил test
13,19:13,запустил test
13,19:13,запустил test
13,19:13,стартовал grafana
13,19:13,стартовал grafana
13,19:13,стартовал grafana
13,19:48,перешел в status FINISHED
13,19:48,перешел в status FINISHED
13,19:48,перешел в status FINISHED
14,05:17,запустил test
14,05:17,запустил test
14,05:17,запустил test
14,05:20,стартовал grafana
14,05:20,стартовал grafana
14,05:20,стартовал grafana
14,05:55,перешел в status FINISHED
14,05:55,перешел в status FINISHED
14,05:55,перешел в status FINISHED
14,08:42,запустил test
14,08:44,стартовал grafana
14,08:49,перешел в status FINISHED
14,14:30,запустил test
14,14:31,перешел в status TEST_STOPPING
14,14:31,перешел в status FAILED
14,14:32,запустил test
14,14:33,стартовал grafana
14,14:38,перешел в status FINISHED
14,14:54,запустил test
14,15:02,стартовал grafana
14,15:37,перешел в status FINISHED
15,08:21,запустил test
15,08:21,запустил test
15,08:21,запустил test
15,08:24,стартовал grafana
15,08:24,стартовал grafana
15,08:24,стартовал grafana
15,08:45,команда создана в графане
15,08:45,подписка для команды создана
15,08:45,команда создана
15,08:45,зарегистрировался
15,09:00,перешел в status FINISHED
15,09:00,перешел в status FINISHED
15,09:00,перешел в status FINISHED
15,21:22,команда создана в графане
15,21:22,подписка для команды создана
15,21:22,команда создана
15,21:22,зарегистрировался
16,08:37,команда создана в графане
16,08:37,подписка для команды создана
16,08:37,команда создана
16,08:37,зарегистрировался
16,08:42,запустил test
16,08:44,стартовал grafana
16,08:56,перешел в status FINISHED
17,08:22,команда создана в графане
17,08:22,команда создана
17,08:22,подписка для команды создана
17,08:22,зарегистрировался
17,13:31,запустил test
17,13:33,стартовал grafana
17,13:38,перешел в status FINISHED
17,13:41,запустил test
17,13:43,стартовал grafana
17,13:44,перешел в status FAILED
17,14:14,запустил test
17,14:17,стартовал grafana
17,14:17,перешел в status FAILED
17,14:40,запустил test
17,14:41,стартовал grafana
17,14:42,перешел в status FINISHED
17,23:22,команда создана в графане
17,23:22,команда создана
17,23:22,подписка для команды создана
17,23:22,зарегистрировался
18,10:42,команда создана в графане
18,10:42,подписка для команды создана
18,10:42,команда создана
18,10:42,зарегистрировался
18,10:44,команда создана в графане
18,10:44,команда создана
18,10:44,подписка для команды создана
18,12:15,запустил test
18,12:17,стартовал grafana
18,12:17,перешел в status FINISHED
18,22:30,команда создана в графане
18,22:30,команда создана
18,22:30,подписка для команды создана
18,22:30,зарегистрировался
18,22:34,запустил test
18,22:36,стартовал grafana
18,22:38,перешел в status FINISHED
19,11:33,запустил test
19,11:34,стартовал grafana
19,11:39,перешел в status FINISHED
19,12:13,запустил test
19,12:14,стартовал grafana
19,12:16,перешел в status FAILED
19,15:46,запустил test
19,15:48,стартовал grafana
19,15:54,перешел в status FINISHED
20,15:39,команда создана в графане
20,15:39,команда создана
20,15:39,подписка для команды создана
20,15:39,зарегистрировался
20,17:50,запустил test
20,17:52,стартовал grafana
20,17:58,перешел в status FAILED
20,22:24,запустил test
20,22:26,стартовал grafana
20,22:32,перешел в status FAILED
20,23:36,запустил test
20,23:38,стартовал grafana
20,23:41,перешел в status TEST_STOPPING
20,23:41,перешел в status CANCELED
20,23:50,запустил test
20,23:52,стартовал grafana
21,01:27,перешел в status FINISHED
21,11:18,команда создана в графане
21,11:18,зарегистрировался
21,11:18,подписка для команды создана
21,11:18,команда создана
21,15:44,запустил test
21,15:46,стартовал grafana
21,17:22,перешел в status FINISHED
21,18:31,запустил test
21,18:33,стартовал grafana
21,18:34,перешел в status FAILED
21,18:52,запустил test
21,18:54,стартовал grafana
21,18:55,перешел в status FAILED
22,11:59,запустил test
23,00:01,стартовал grafana
23,00:04,перешел в status TEST_STOPPING
23,00:04,перешел в status CANCELED
23,12:15,запустил test
23,12:16,стартовал grafana
23,12:23,перешел в status FINISHED
23,17:52,команда создана в графане
23,17:52,команда создана
23,17:52,подписка для команды создана
23,17:52,зарегистрировался
23,17:52,команда создана в графане
23,17:52,команда создана
23,17:52,подписка для команды создана
23,17:52,зарегистрировался
23,18:52,запустил test
23,18:54,стартовал grafana
23,19:05,перешел в status TEST_STOPPING
23,19:05,перешел в status CANCELED
24,12:34,запустил test
24,12:37,стартовал grafana
24,12:37,перешел в status TEST_STOPPING
24,12:37,перешел в status CANCELED
24,13:44,запустил test
24,13:46,стартовал grafana
24,14:02,перешел в status TEST_STOPPING
24,14:02,перешел в status CANCELED
24,14:33,команда создана в графане
24,14:33,команда создана
24,14:33,зарегистрировался
24,14:33,подписка для команды создана
24,14:37,команда создана в графане
24,14:37,подписка для команды создана
24,14:37,команда создана
24,14:37,зарегистрировался
24,16:44,запустил test
24,16:47,стартовал grafana
24,17:09,перешел в status TEST_STOPPING
24,17:09,перешел в status CANCELED
25,13:45,команда создана в графане
25,13:45,подписка для команды создана
25,13:45,команда создана
25,13:45,зарегистрировался
25,21:22,команда создана в графане
25,21:22,подписка для команды создана
25,21:22,команда создана
26,11:50,запустил test
26,11:52,стартовал grafana
26,11:53,команда создана в графане
26,11:53,подписка для команды создана
26,11:53,команда создана
26,11:53,зарегистрировался
26,11:57,перешел в status FINISHED
26,12:23,запустил test
26,12:27,стартовал grafana
26,13:21,перешел в status FINISHED
26,21:42,запустил test
26,21:44,стартовал grafana
26,21:54,перешел в status TEST_STOPPING
26,21:54,перешел в status CANCELED
26,21:55,запустил test
26,21:59,стартовал grafana
26,22:19,перешел в status TEST_STOPPING
26,22:19,перешел в status CANCELED
26,22:52,команда создана в графане
26,22:52,команда создана
26,22:52,зарегистрировался
26,22:52,подписка для команды создана
26,22:52,ошибка регистрации
26,22:56,обновил подписку
26,23:35,команда создана в графане
26,23:35,подписка для команды создана
26,23:35,команда создана
27,00:02,запустил test
27,00:04,стартовал grafana
27,00:05,перешел в status FINISHED
27,00:15,запустил test
27,00:15,перешел в status FAILED
27,00:16,запустил test
27,00:16,перешел в status FAILED
27,00:16,запустил test
27,00:16,перешел в status FAILED
27,00:17,запустил test
27,00:17,перешел в status FAILED
27,00:18,запустил test
27,00:20,запустил test
27,00:20,перешел в status FAILED
27,00:21,запустил test
27,00:22,стартовал grafana
27,00:22,стартовал grafana
27,00:22,запустил test
27,00:25,стартовал grafana
27,00:27,перешел в status TEST_STOPPING
27,00:27,перешел в status CANCELED
27,00:27,перешел в status TEST_STOPPING
27,00:27,перешел в status CANCELED
27,00:28,перешел в status TEST_STOPPING
27,00:28,перешел в status CANCELED
27,00:28,запустил test
27,00:28,стартовал grafana
27,00:29,перешел в status TEST_STOPPING
27,00:29,перешел в status CANCELED
27,00:29,запустил test
27,00:30,стартовал grafana
27,00:32,перешел в status TEST_STOPPING
27,00:32,перешел в status CANCELED
27,00:33,запустил test
27,00:33,перешел в status TEST_STOPPING
27,00:34,перешел в status FAILED
27,00:35,запустил test
27,00:35,перешел в status FAILED
27,00:37,запустил test
27,00:37,перешел в status FAILED
27,00:38,запустил test
27,00:38,перешел в status TEST_STOPPING
27,00:39,перешел в status FAILED
27,00:39,запустил test
27,00:40,стартовал grafana
27,00:41,перешел в status TEST_STOPPING
27,00:41,перешел в status CANCELED
27,00:42,запустил test
27,00:42,стартовал grafana
27,00:44,перешел в status FINISHED
27,05:03,запустил test
27,05:05,стартовал grafana
27,06:40,перешел в status FINISHED
27,12:35,команда создана в графане
27,12:36,команда создана
27,12:36,подписка для команды создана
27,16:02,запустил test
27,16:04,стартовал grafana
27,17:12,перешел в status FINISHED
27,21:34,команда создана в графане
27,21:34,подписка для команды создана
27,21:34,команда создана
27,21:34,зарегистрировался
27,22:32,запустил test
27,22:34,стартовал grafana
28,00:35,перешел в status FINISHED
28,01:00,запустил test
28,01:01,стартовал grafana
28,03:30,перешел в status FINISHED
28,05:23,запустил test
28,05:25,стартовал grafana
28,07:51,перешел в status FINISHED
28,10:03,запустил test
28,10:04,стартовал grafana
28,10:09,перешел в status FINISHED
28,13:19,запустил test
28,13:21,стартовал grafana
28,13:24,запустил test
28,13:25,стартовал grafana
28,13:30,перешел в status TEST_STOPPING
28,13:30,перешел в status CANCELED
28,13:31,перешел в status TEST_STOPPING
28,13:31,перешел в status CANCELED
28,13:46,запустил test
28,13:48,стартовал grafana
28,13:54,перешел в status FINISHED
28,15:21,запустил test
28,15:22,стартовал grafana
28,15:24,перешел в status FINISHED
28,15:45,запустил test
28,15:47,стартовал grafana
28,15:47,перешел в status FINISHED
28,15:58,запустил test
28,16:00,стартовал grafana
28,16:01,перешел в status TEST_STOPPING
28,16:01,перешел в status CANCELED
28,16:05,запустил test
28,16:07,стартовал grafana
28,16:08,перешел в status FINISHED
28,16:12,команда создана в графане
28,16:12,подписка для команды создана
28,16:12,команда создана
28,16:12,зарегистрировался
28,16:20,запустил test
28,16:22,стартовал grafana
28,16:23,перешел в status FINISHED
28,16:30,запустил test
28,16:32,стартовал grafana
28,16:38,перешел в status FINISHED
28,16:54,ошибка регистрации
28,17:14,запустил test
28,17:16,стартовал grafana
28,17:21,перешел в status FINISHED
28,19:38,запустил test
28,19:40,стартовал grafana
28,19:43,перешел в status TEST_STOPPING
28,19:43,перешел в status CANCELED
28,19:50,запустил test
28,19:52,стартовал grafana
28,19:58,перешел в status FINISHED
29,12:21,запустил test
29,12:23,стартовал grafana
29,12:28,перешел в status FINISHED
29,16:02,запустил test
29,16:06,стартовал grafana
29,16:11,перешел в status TEST_STOPPING
29,16:11,перешел в status CANCELED
29,16:16,запустил test
29,16:18,стартовал grafana
29,17:34,перешел в status FINISHED
29,17:38,ошибка регистрации
30,05:04,запустил test
30,05:06,стартовал grafana
30,05:17,перешел в status TEST_STOPPING
30,05:17,перешел в status CANCELED
30,13:18,запустил test
30,13:22,стартовал grafana
30,13:57,перешел в status FAILED
30,14:41,запустил test
30,14:42,запустил test
30,14:43,стартовал grafana
30,14:45,стартовал grafana
30,15:18,перешел в status FAILED
30,15:27,перешел в status TEST_STOPPING
30,15:27,перешел в status CANCELED
30,16:29,команда создана в графане
30,16:29,команда создана
30,16:29,подписка для команды создана
30,16:29,зарегистрировался
31,02:50,команда создана в графане
31,02:50,подписка для команды создана
31,02:50,команда создана
31,02:50,зарегистрировался
31,12:37,команда создана в графане
31,12:37,подписка для команды создана
31,12:37,зарегистрировался
31,12:37,команда создана
31,17:56,запустил test
31,17:58,стартовал grafana
31,19:18,перешел в status FINISHED
32,12:05,запустил test
32,12:07,стартовал grafana
32,12:08,перешел в status TEST_STOPPING
32,12:08,перешел в status CANCELED
32,12:10,запустил test
32,12:10,стартовал grafana
32,12:15,перешел в status FINISHED
32,16:25,запустил test
32,16:27,стартовал grafana
32,22:36,перешел в status FINISHED
33,11:58,запустил test
33,11:59,стартовал grafana
33,13:27,перешел в status TEST_STOPPING
33,13:27,перешел в status CANCELED
33,14:01,запустил test
33,14:03,стартовал grafana
33,17:38,запустил test
33,17:38,стартовал grafana
33,17:41,перешел в status TEST_STOPPING
33,17:41,перешел в status CANCELED
33,18:03,перешел в status FINISHED
33,19:19,запустил test
33,19:20,перешел в status TEST_STOPPING
33,19:21,перешел в status FAILED
33,19:32,команда создана в графане
33,19:32,подписка для команды создана
33,19:32,команда создана
33,19:32,зарегистрировался
34,01:47,команда создана в графане
34,01:47,команда создана
34,01:47,подписка для команды создана
34,01:47,зарегистрировался
34,10:29,запустил test
34,10:31,стартовал grafana
34,10:36,перешел в status FINISHED
34,11:18,запустил test
34,11:19,стартовал grafana
34,11:20,запустил test
34,11:20,стартовал grafana
34,11:21,перешел в status FINISHED
34,11:23,перешел в status TEST_STOPPING
34,11:23,перешел в status CANCELED
34,12:00,запустил test
34,12:02,стартовал grafana
34,12:12,перешел в status FINISHED
34,12:21,запустил test
34,12:24,стартовал grafana
34,13:18,перешел в status TEST_STOPPING
34,13:18,перешел в status CANCELED
34,13:21,запустил test
34,13:23,стартовал grafana
34,13:40,запустил test
34,13:40,стартовал grafana
34,13:51,перешел в status FINISHED
34,14:05,запустил test
34,14:06,стартовал grafana
34,14:16,перешел в status FINISHED
34,14:24,запустил test
34,14:25,стартовал grafana
34,14:26,перешел в status TEST_STOPPING
34,14:26,перешел в status CANCELED
34,14:32,перешел в status TEST_STOPPING
34,14:32,перешел в status CANCELED
34,14:47,запустил test
34,14:49,стартовал grafana
34,16:02,перешел в status TEST_STOPPING
34,16:02,перешел в status CANCELED
34,17:32,запустил test
34,17:34,стартовал grafana
34,17:35,перешел в status TEST_STOPPING
34,17:35,перешел в status CANCELED
34,17:54,запустил test
34,17:56,стартовал grafana
34,17:57,перешел в status TEST_STOPPING
34,17:57,перешел в status CANCELED
34,18:16,запустил test
34,18:18,стартовал grafana
34,18:23,перешел в status FINISHED
34,18:27,запустил test
34,18:28,стартовал grafana
34,18:44,перешел в status FINISHED
34,22:57,команда создана в графане
34,22:57,команда создана
34,22:57,подписка для команды создана
34,22:57,зарегистрировался
35,08:11,команда создана в графане
35,08:11,команда создана
35,08:11,подписка для команды создана
35,08:11,зарегистрировался
35,09:01,ошибка регистрации
36,00:30,команда создана в графане
36,00:30,команда создана
36,00:30,подписка для команды создана
36,00:30,зарегистрировался
36,11:20,запустил test
36,11:20,перешел в status TEST_STOPPING
36,11:21,перешел в status FAILED
36,11:21,запустил test
36,11:22,стартовал grafana
36,11:37,перешел в status FINISHED
36,11:41,запустил test
36,11:41,перешел в status TEST_STOPPING
36,11:41,перешел в status FAILED
36,11:45,запустил test
36,11:47,стартовал grafana
36,11:56,перешел в status TEST_STOPPING
36,11:56,перешел в status CANCELED
36,14:39,команда создана в графане
36,14:39,подписка для команды создана
36,14:39,зарегистрировался
36,14:39,команда создана
36,16:31,запустил test
36,16:33,стартовал grafana
36,16:36,перешел в status TEST_STOPPING
36,16:36,перешел в status CANCELED
36,16:42,запустил test
36,16:44,стартовал grafana
36,16:52,перешел в status FINISHED
36,16:56,запустил test
36,16:58,стартовал grafana
36,17:05,перешел в status FINISHED
36,17:07,запустил test
36,17:08,стартовал grafana
36,17:20,перешел в status FINISHED
36,19:14,запустил test
36,19:14,перешел в status TEST_STOPPING
36,19:15,перешел в status FAILED
36,19:59,запустил test
36,19:59,перешел в status TEST_STOPPING
36,20:00,перешел в status FAILED
36,20:43,запустил test
36,20:43,запустил test
36,20:43,запустил test
36,20:43,запустил test
36,20:43,запустил test
36,20:43,запустил test
36,20:43,перешел в status TEST_STOPPING
36,20:43,перешел в status TEST_STOPPING
36,20:43,перешел в status TEST_STOPPING
36,20:43,перешел в status TEST_STOPPING
36,20:44,перешел в status TEST_STOPPING
36,20:44,перешел в status FAILED
36,20:44,перешел в status TEST_STOPPING
36,20:44,перешел в status FAILED
36,20:44,перешел в status FAILED
36,20:44,перешел в status FAILED
36,20:44,перешел в status FAILED
36,20:44,перешел в status FAILED
36,21:22,запустил test
36,21:25,стартовал grafana
36,21:28,запустил test
36,21:28,запустил test
36,21:28,запустил test
36,21:28,запустил test
36,21:28,запустил test
36,21:28,запустил test
36,21:28,запустил test
36,21:28,запустил test
36,21:28,запустил test
36,21:28,запустил test
36,21:28,запустил test
36,21:28,запустил test
36,21:28,запустил test
36,21:28,запустил test
36,21:28,запустил test
36,21:28,запустил test
36,21:28,запустил test
36,21:28,запустил test
36,21:28,запустил test
36,21:28,запустил test
36,21:28,запустил test
36,21:28,запустил test
36,21:28,запустил test
36,21:28,запустил test
36,21:28,запустил test
36,21:28,запустил test
36,21:28,запустил test
36,21:28,запустил test
36,21:28,запустил test
36,21:28,запустил test
36,21:28,запустил test
36,21:28,запустил test
36,21:28,запустил test
36,21:28,запустил test
36,21:28,запустил test
36,21:28,запустил test
36,21:28,запустил test
36,21:28,запустил test
36,21:28,запустил test
36,21:28,запустил test
36,21:28,запустил test
36,21:29,перешел в status TEST_STOPPING
36,21:29,стартовал grafana
36,21:29,перешел в status TEST_STOPPING
36,21:29,перешел в status TEST_STOPPING
36,21:29,перешел в status TEST_STOPPING
36,21:29,перешел в status TEST_STOPPING
36,21:29,перешел в status TEST_STOPPING
36,21:29,перешел в status TEST_STOPPING
36,21:29,перешел в status TEST_STOPPING
36,21:29,перешел в status TEST_STOPPING
36,21:29,перешел в status TEST_STOPPING
36,21:29,перешел в status TEST_STOPPING
36,21:29,перешел в status TEST_STOPPING
36,21:29,перешел в status TEST_STOPPING
36,21:29,перешел в status TEST_STOPPING
36,21:30,перешел в status TEST_STOPPING
36,21:30,перешел в status TEST_STOPPING
36,21:30,перешел в status TEST_STOPPING
36,21:30,перешел в status TEST_STOPPING
36,21:30,перешел в status TEST_STOPPING
36,21:30,перешел в status TEST_STOPPING
36,21:30,перешел в status FAILED
36,21:30,перешел в status FAILED
36,21:30,перешел в status FAILED
36,21:30,перешел в status FAILED
36,21:30,перешел в status FAILED
36,21:30,перешел в status FAILED
36,21:30,перешел в status FAILED
36,21:30,перешел в status FAILED
36,21:30,перешел в status FAILED
36,21:30,перешел в status FAILED
36,21:30,перешел в status FAILED
36,21:30,перешел в status FAILED
36,21:30,перешел в status TEST_STOPPING
36,21:30,перешел в status TEST_STOPPING
36,21:30,перешел в status TEST_STOPPING
36,21:30,стартовал grafana
36,21:30,стартовал grafana
36,21:30,стартовал grafana
36,21:30,стартовал grafana
36,21:30,стартовал grafana
36,21:30,стартовал grafana
36,21:30,стартовал grafana
36,21:30,перешел в status TEST_STOPPING
36,21:30,стартовал grafana
36,21:30,перешел в status FAILED
36,21:30,перешел в status FAILED
36,21:30,перешел в status FAILED
36,21:30,перешел в status FAILED
36,21:30,перешел в status TEST_STOPPING
36,21:30,перешел в status TEST_STOPPING
36,21:30,перешел в status TEST_STOPPING
36,21:30,перешел в status TEST_STOPPING
36,21:30,перешел в status CANCELED
36,21:30,перешел в status TEST_STOPPING
36,21:31,стартовал grafana
36,21:31,стартовал grafana
36,21:31,стартовал grafana
36,21:31,стартовал grafana
36,21:31,перешел в status FAILED
36,21:31,стартовал grafana
36,21:31,стартовал grafana
36,21:31,перешел в status TEST_STOPPING
36,21:31,перешел в status TEST_STOPPING
36,21:31,перешел в status TEST_STOPPING
36,21:31,перешел в status CANCELED
36,21:31,перешел в status TEST_STOPPING
36,21:31,перешел в status CANCELED
36,21:31,перешел в status FAILED
36,21:31,перешел в status FAILED
36,21:31,перешел в status TEST_STOPPING
36,21:31,перешел в status CANCELED
36,21:31,перешел в status FAILED
36,21:31,перешел в status FAILED
36,21:31,перешел в status FAILED
36,21:31,перешел в status TEST_STOPPING
36,21:31,перешел в status CANCELED
36,21:31,перешел в status FAILED
36,21:31,перешел в status FINISHED
36,21:31,перешел в status TEST_STOPPING
36,21:31,перешел в status CANCELED
36,21:31,перешел в status TEST_STOPPING
36,21:31,перешел в status CANCELED
36,21:31,перешел в status TEST_STOPPING
36,21:31,перешел в status CANCELED
36,21:31,перешел в status TEST_STOPPING
36,21:31,перешел в status CANCELED
36,21:31,перешел в status TEST_STOPPING
36,21:31,перешел в status CANCELED
36,21:31,перешел в status TEST_STOPPING
36,21:31,перешел в status CANCELED
36,21:31,перешел в status FAILED
36,21:33,перешел в status FAILED
36,21:33,перешел в status FAILED
36,21:33,перешел в status FAILED
36,21:33,перешел в status FAILED
36,21:33,перешел в status FAILED
36,21:33,перешел в status FAILED
36,21:34,запустил test
36,21:36,стартовал grafana
36,21:40,запустил test
36,21:40,запустил test
36,21:40,стартовал grafana
36,21:40,запустил test
36,21:41,запустил test
36,21:41,запустил test
36,21:42,стартовал grafana
36,21:42,запустил test
36,21:42,запустил test
36,21:43,стартовал grafana
36,21:43,запустил test
36,21:43,стартовал grafana
36,21:43,стартовал grafana
36,21:43,запустил test
36,21:44,стартовал grafana
36,21:44,запустил test
36,21:44,стартовал grafana
36,21:44,запустил test
36,21:45,запустил test
36,21:45,стартовал grafana
36,21:45,стартовал grafana
36,21:45,запустил test
36,21:46,запустил test
36,21:46,стартовал grafana
36,21:46,стартовал grafana
36,21:46,запустил test
36,21:47,запустил test
36,21:47,стартовал grafana
36,21:47,стартовал grafana
36,21:47,стартовал grafana
36,21:47,запустил test
36,21:48,запустил test
36,21:48,стартовал grafana
36,21:48,запустил test
36,21:49,запустил test
36,21:49,стартовал grafana
36,21:49,стартовал grafana
36,21:49,запустил test
36,21:50,запустил test
36,21:50,стартовал grafana
36,21:50,стартовал grafana
36,21:50,стартовал grafana
36,21:50,запустил test
36,21:51,запустил test
36,21:51,запустил test
36,21:52,стартовал grafana
36,21:52,запустил test
36,21:52,стартовал grafana
36,21:52,стартовал grafana
36,21:52,запустил test
36,21:53,запустил test
36,21:53,стартовал grafana
36,21:53,стартовал grafana
36,21:53,запустил test
36,21:54,стартовал grafana
36,21:54,запустил test
36,21:54,стартовал grafana
36,21:54,запустил test
36,21:55,запустил test
36,21:55,стартовал grafana
36,21:55,запустил test
36,21:56,стартовал grafana
36,21:56,запустил test
36,21:56,стартовал grafana
36,21:56,запустил test
36,21:57,стартовал grafana
36,21:57,запустил test
36,21:57,стартовал grafana
36,21:57,стартовал grafana
36,21:57,запустил test
36,21:58,запустил test
36,21:58,стартовал grafana
36,21:58,запустил test
36,21:59,стартовал grafana
36,21:59,запустил test
36,21:59,стартовал grafana
36,21:59,запустил test
36,22:00,стартовал grafana
36,22:00,запустил test
36,22:00,стартовал grafana
36,22:00,стартовал grafana
36,22:00,запустил test
36,22:01,запустил test
36,22:01,стартовал grafana
36,22:01,запустил test
36,22:02,запустил test
36,22:02,стартовал grafana
36,22:02,стартовал grafana
36,22:02,запустил test
36,22:03,стартовал grafana
36,22:03,запустил test
36,22:03,стартовал grafana
36,22:03,стартовал grafana
36,22:03,запустил test
36,22:04,запустил test
36,22:04,стартовал grafana
36,22:04,стартовал grafana
36,22:04,запустил test
36,22:05,запустил test
36,22:05,запустил test
36,22:05,стартовал grafana
36,22:06,стартовал grafana
36,22:06,запустил test
36,22:06,стартовал grafana
36,22:06,запустил test
36,22:07,стартовал grafana
36,22:07,стартовал grafana
36,22:07,запустил test
36,22:07,запустил test
36,22:08,запустил test
36,22:08,стартовал grafana
36,22:08,запустил test
36,22:08,перешел в status FAILED
36,22:09,стартовал grafana
36,22:09,перешел в status FAILED
36,22:09,стартовал grafana
36,22:09,запустил test
36,22:09,перешел в status FAILED
36,22:09,стартовал grafana
36,22:09,запустил test
36,22:10,стартовал grafana
36,22:10,запустил test
36,22:10,запустил test
36,22:11,запустил test
36,22:11,перешел в status FAILED
36,22:11,перешел в status FAILED
36,22:11,стартовал grafana
36,22:11,запустил test
36,22:11,перешел в status FAILED
36,22:12,стартовал grafana
36,22:12,запустил test
36,22:12,перешел в status FAILED
36,22:12,запустил test
36,22:12,перешел в status FAILED
36,22:13,запустил test
36,22:13,перешел в status FAILED
36,22:13,запустил test
36,22:13,перешел в status FAILED
36,22:14,запустил test
36,22:14,перешел в status FAILED
36,22:14,запустил test
36,22:14,перешел в status FAILED
36,22:15,запустил test
36,22:15,перешел в status FAILED
36,22:15,запустил test
36,22:15,перешел в status FAILED
36,22:16,запустил test
36,22:16,перешел в status FAILED
36,22:16,запустил test
36,22:16,перешел в status FAILED
36,22:17,запустил test
36,22:17,перешел в status FAILED
36,22:17,запустил test
36,22:17,перешел в status FAILED
36,22:18,запустил test
36,22:18,перешел в status FAILED
36,22:18,запустил test
36,22:18,перешел в status FAILED
36,22:19,запустил test
36,22:19,перешел в status FAILED
36,22:19,запустил test
36,22:19,перешел в status FAILED
36,22:20,запустил test
36,22:20,перешел в status FAILED
36,22:20,запустил test
36,22:20,перешел в status FAILED
36,22:21,запустил test
36,22:21,перешел в status FAILED
36,22:21,запустил test
36,22:21,перешел в status FAILED
36,22:22,запустил test
36,22:22,запустил test
36,22:24,запустил test
36,22:24,стартовал grafana
36,22:24,запустил test
36,22:24,перешел в status FAILED
36,22:24,перешел в status FAILED
36,22:24,стартовал grafana
36,22:27,запустил test
36,22:29,стартовал grafana
36,22:30,запустил test
36,22:30,перешел в status FAILED
36,22:33,запустил test
36,22:35,стартовал grafana
36,22:36,запустил test
36,22:38,стартовал grafana
36,22:39,запустил test
36,22:41,стартовал grafana
36,22:42,запустил test
36,22:44,стартовал grafana
36,22:45,запустил test
36,22:46,стартовал grafana
36,22:48,запустил test
36,22:50,стартовал grafana
36,22:51,запустил test
36,22:52,запустил test
36,22:52,запустил test
36,22:52,стартовал grafana
36,22:53,запустил test
36,22:54,стартовал grafana
36,22:54,стартовал grafana
36,22:55,запустил test
36,22:55,стартовал grafana
36,22:56,запустил test
36,22:57,стартовал grafana
36,22:58,запустил test
36,22:59,стартовал grafana
36,22:59,запустил test
36,23:00,стартовал grafana
36,23:01,запустил test
36,23:02,стартовал grafana
36,23:02,запустил test
36,23:03,стартовал grafana
36,23:04,запустил test
36,23:05,стартовал grafana
36,23:05,запустил test
36,23:06,стартовал grafana
36,23:07,запустил test
36,23:08,стартовал grafana
36,23:08,запустил test
36,23:09,стартовал grafana
36,23:10,запустил test
36,23:10,стартовал grafana
36,23:11,запустил test
36,23:12,стартовал grafana
36,23:13,запустил test
36,23:13,стартовал grafana
36,23:14,запустил test
36,23:15,стартовал grafana
36,23:16,запустил test
36,23:17,стартовал grafana
36,23:17,запустил test
36,23:19,стартовал grafana
36,23:19,запустил test
36,23:19,стартовал grafana
36,23:20,запустил test
36,23:21,перешел в status FAILED
36,23:22,запустил test
36,23:23,стартовал grafana
36,23:23,запустил test
36,23:24,стартовал grafana
36,23:25,запустил test
36,23:26,стартовал grafana
36,23:26,запустил test
36,23:27,стартовал grafana
36,23:28,запустил test
36,23:28,стартовал grafana
36,23:29,запустил test
36,23:30,стартовал grafana
36,23:31,запустил test
36,23:31,стартовал grafana
36,23:32,запустил test
36,23:33,стартовал grafana
36,23:34,запустил test
36,23:35,стартовал grafana
36,23:35,запустил test
36,23:37,стартовал grafana
36,23:37,запустил test
36,23:37,стартовал grafana
36,23:38,запустил test
36,23:39,стартовал grafana
36,23:40,запустил test
36,23:40,стартовал grafana
36,23:41,запустил test
36,23:42,стартовал grafana
36,23:43,запустил test
36,23:43,стартовал grafana
36,23:44,запустил test
36,23:45,стартовал grafana
36,23:46,запустил test
36,23:47,стартовал grafana
36,23:47,запустил test
36,23:49,стартовал grafana
36,23:49,запустил test
36,23:50,стартовал grafana
36,23:50,запустил test
36,23:51,стартовал grafana
36,23:52,запустил test
36,23:52,стартовал grafana
36,23:53,запустил test
36,23:54,стартовал grafana
36,23:55,запустил test
36,23:55,стартовал grafana
36,23:56,запустил test
36,23:57,стартовал grafana
36,23:58,запустил test
36,23:58,стартовал grafana
36,23:59,запустил test
37,00:00,стартовал grafana
37,00:01,запустил test
37,00:02,стартовал grafana
37,00:02,запустил test
37,00:03,стартовал grafana
37,00:04,запустил test
37,00:04,стартовал grafana
37,00:05,запустил test
37,00:06,стартовал grafana
37,00:07,запустил test
37,00:07,стартовал grafana
37,00:08,запустил test
37,00:09,стартовал grafana
37,00:10,запустил test
37,00:11,стартовал grafana
37,00:11,запустил test
37,00:12,стартовал grafana
37,00:13,запустил test
37,00:13,стартовал grafana
37,00:14,запустил test
37,00:15,стартовал grafana
37,00:16,запустил test
37,00:16,стартовал grafana
37,00:17,запустил test
37,00:18,стартовал grafana
37,00:19,запустил test
37,00:20,стартовал grafana
37,00:20,запустил test
37,00:21,стартовал grafana
37,00:22,запустил test
37,00:22,стартовал grafana
37,00:23,запустил test
37,00:24,стартовал grafana
37,00:25,запустил test
37,00:26,стартовал grafana
37,00:26,запустил test
37,00:27,стартовал grafana
37,00:28,запустил test
37,00:29,стартовал grafana
37,00:29,запустил test
37,00:30,стартовал grafana
37,00:31,запустил test
37,00:31,стартовал grafana
37,00:32,запустил test
37,00:33,стартовал grafana
37,00:34,запустил test
37,00:34,стартовал grafana
37,00:35,запустил test
37,00:36,стартовал grafana
37,00:37,запустил test
37,00:38,стартовал grafana
37,00:38,запустил test
37,00:39,стартовал grafana
37,00:40,запустил test
37,00:41,стартовал grafana
37,00:41,запустил test
37,00:42,стартовал grafana
37,00:43,запустил test
37,00:43,стартовал grafana
37,00:44,запустил test
37,00:45,стартовал grafana
37,00:46,запустил test
37,00:47,стартовал grafana
37,00:47,запустил test
37,00:48,стартовал grafana
37,00:49,запустил test
37,00:49,стартовал grafana
37,00:50,запустил test
37,00:51,стартовал grafana
37,00:52,запустил test
37,00:52,стартовал grafana
37,00:53,запустил test
37,00:54,стартовал grafana
37,00:55,запустил test
37,00:56,стартовал grafana
37,00:56,запустил test
37,00:57,стартовал grafana
37,00:58,запустил test
37,00:58,стартовал grafana
37,00:59,запустил test
37,01:00,стартовал grafana
37,01:01,запустил test
37,01:02,стартовал grafana
37,01:02,запустил test
37,01:02,стартовал grafana
37,01:04,запустил test
37,01:04,стартовал grafana
37,01:05,запустил test
37,01:06,стартовал grafana
37,01:07,запустил test
37,01:08,стартовал grafana
37,01:08,запустил test
37,01:09,стартовал grafana
37,01:10,запустил test
37,01:10,стартовал grafana
37,01:11,запустил test
37,01:12,стартовал grafana
37,01:13,запустил test
37,01:14,стартовал grafana
37,01:14,запустил test
37,01:15,стартовал grafana
37,01:16,запустил test
37,01:17,стартовал grafana
37,01:17,запустил test
37,01:18,стартовал grafana
37,01:19,запустил test
37,01:19,стартовал grafana
37,01:20,запустил test
37,01:21,стартовал grafana
37,01:22,запустил test
37,01:22,стартовал grafana
37,01:23,запустил test
37,01:24,стартовал grafana
37,01:25,запустил test
37,01:25,стартовал grafana
37,01:26,запустил test
37,01:27,стартовал grafana
37,01:28,запустил test
37,01:28,стартовал grafana
37,01:29,запустил test
37,01:30,стартовал grafana
37,01:31,запустил test
37,01:32,стартовал grafana
37,01:32,запустил test
37,01:34,стартовал grafana
37,01:34,запустил test
37,01:35,стартовал grafana
37,01:35,запустил test
37,01:36,стартовал grafana
37,01:37,запустил test
37,01:37,стартовал grafana
37,01:38,запустил test
37,01:39,стартовал grafana
37,01:41,стартовал grafana
37,01:44,перешел в status TEST_STOPPING
37,01:44,перешел в status TEST_STOPPING
37,01:44,перешел в status CANCELED
37,01:44,перешел в status CANCELED
37,01:44,перешел в status TEST_STOPPING
37,01:44,перешел в status TEST_STOPPING
37,01:44,перешел в status CANCELED
37,01:44,перешел в status CANCELED
37,01:44,перешел в status TEST_STOPPING
37,01:44,перешел в status CANCELED
37,01:44,перешел в status TEST_STOPPING
37,01:44,перешел в status CANCELED
37,01:44,перешел в status TEST_STOPPING
37,01:44,перешел в status CANCELED
37,01:44,перешел в status TEST_STOPPING
37,01:44,перешел в status CANCELED
37,01:44,перешел в status TEST_STOPPING
37,01:44,перешел в status TEST_STOPPING
37,01:44,перешел в status CANCELED
37,01:44,перешел в status CANCELED
37,01:44,перешел в status TEST_STOPPING
37,01:44,перешел в status TEST_STOPPING
37,01:44,перешел в status CANCELED
37,01:44,перешел в status CANCELED
37,01:44,перешел в status TEST_STOPPING
37,01:44,перешел в status CANCELED
37,01:44,перешел в status TEST_STOPPING
37,01:44,перешел в status CANCELED
37,01:44,перешел в status TEST_STOPPING
37,01:44,перешел в status CANCELED
37,01:44,перешел в status TEST_STOPPING
37,01:44,перешел в status CANCELED
37,01:44,перешел в status TEST_STOPPING
37,01:44,перешел в status CANCELED
37,01:44,перешел в status TEST_STOPPING
37,01:44,перешел в status CANCELED
37,01:44,перешел в status TEST_STOPPING
37,01:45,перешел в status CANCELED
37,01:45,перешел в status TEST_STOPPING
37,01:45,перешел в status CANCELED
37,01:45,перешел в status TEST_STOPPING
37,01:45,перешел в status CANCELED
37,01:45,перешел в status TEST_STOPPING
37,01:45,перешел в status CANCELED
37,01:45,перешел в status TEST_STOPPING
37,01:45,перешел в status CANCELED
37,01:45,перешел в status TEST_STOPPING
37,01:45,перешел в status CANCELED
37,01:45,перешел в status TEST_STOPPING
37,01:45,перешел в status CANCELED
37,01:45,перешел в status TEST_STOPPING
37,01:45,перешел в status CANCELED
37,01:45,перешел в status TEST_STOPPING
37,01:45,перешел в status TEST_STOPPING
37,01:45,перешел в status CANCELED
37,01:45,перешел в status CANCELED
37,01:45,перешел в status TEST_STOPPING
37,01:45,перешел в status CANCELED
37,01:45,перешел в status TEST_STOPPING
37,01:45,перешел в status CANCELED
37,01:45,перешел в status TEST_STOPPING
37,01:45,перешел в status CANCELED
37,01:45,перешел в status TEST_STOPPING
37,01:45,перешел в status CANCELED
37,01:45,перешел в status TEST_STOPPING
37,01:45,перешел в status CANCELED
37,01:45,перешел в status TEST_STOPPING
37,01:45,перешел в status CANCELED
37,01:45,перешел в status TEST_STOPPING
37,01:45,перешел в status CANCELED
37,01:45,перешел в status TEST_STOPPING
37,01:45,перешел в status CANCELED
37,01:45,перешел в status TEST_STOPPING
37,01:45,перешел в status CANCELED
37,01:46,перешел в status TEST_STOPPING
37,01:46,перешел в status CANCELED
37,01:46,перешел в status TEST_STOPPING
37,01:46,перешел в status CANCELED
37,01:46,перешел в status TEST_STOPPING
37,01:46,перешел в status CANCELED
37,01:46,перешел в status TEST_STOPPING
37,01:46,перешел в status CANCELED
37,01:46,перешел в status TEST_STOPPING
37,01:46,перешел в status CANCELED
37,01:46,перешел в status TEST_STOPPING
37,01:46,перешел в status CANCELED
37,01:46,перешел в status TEST_STOPPING
37,01:46,перешел в status CANCELED
37,01:46,перешел в status TEST_STOPPING
37,01:46,перешел в status CANCELED
37,01:46,перешел в status TEST_STOPPING
37,01:46,перешел в status CANCELED
37,01:46,перешел в status TEST_STOPPING
37,01:46,перешел в status CANCELED
37,01:46,перешел в status TEST_STOPPING
37,01:46,перешел в status CANCELED
37,01:46,перешел в status TEST_STOPPING
37,01:46,перешел в status CANCELED
37,01:46,перешел в status CANCELED
37,01:46,перешел в status TEST_STOPPING
37,01:46,перешел в status TEST_STOPPING
37,01:46,перешел в status CANCELED
37,01:46,перешел в status TEST_STOPPING
37,01:46,перешел в status CANCELED
37,01:46,перешел в status TEST_STOPPING
37,01:46,перешел в status CANCELED
37,01:46,перешел в status TEST_STOPPING
37,01:46,перешел в status CANCELED
37,01:46,перешел в status TEST_STOPPING
37,01:46,перешел в status CANCELED
37,01:46,перешел в status CANCELED
37,01:46,перешел в status TEST_STOPPING
37,01:46,перешел в status TEST_STOPPING
37,01:46,перешел в status TEST_STOPPING
37,01:46,перешел в status CANCELED
37,01:46,перешел в status CANCELED
37,01:46,перешел в status TEST_STOPPING
37,01:46,перешел в status CANCELED
37,01:46,перешел в status TEST_STOPPING
37,01:46,перешел в status CANCELED
37,01:46,перешел в status TEST_STOPPING
37,01:46,перешел в status CANCELED
37,01:46,перешел в status FINISHED
37,01:47,перешел в status TEST_STOPPING
37,01:47,перешел в status CANCELED
37,01:47,перешел в status TEST_STOPPING
37,01:47,перешел в status TEST_STOPPING
37,01:47,перешел в status CANCELED
37,01:47,перешел в status CANCELED
37,01:47,перешел в status TEST_STOPPING
37,01:47,перешел в status CANCELED
37,01:47,перешел в status TEST_STOPPING
37,01:47,перешел в status CANCELED
37,01:47,перешел в status TEST_STOPPING
37,01:47,перешел в status TEST_STOPPING
37,01:47,перешел в status CANCELED
37,01:47,перешел в status CANCELED
37,01:47,перешел в status TEST_STOPPING
37,01:47,перешел в status CANCELED
37,01:47,перешел в status TEST_STOPPING
37,01:47,перешел в status CANCELED
37,01:47,перешел в status TEST_STOPPING
37,01:47,перешел в status CANCELED
37,01:47,перешел в status TEST_STOPPING
37,01:47,перешел в status CANCELED
37,01:47,перешел в status TEST_STOPPING
37,01:47,перешел в status CANCELED
37,01:47,перешел в status TEST_STOPPING
37,01:47,перешел в status CANCELED
37,01:47,перешел в status TEST_STOPPING
37,01:47,перешел в status CANCELED
37,01:47,перешел в status TEST_STOPPING
37,01:47,перешел в status CANCELED
37,01:47,перешел в status TEST_STOPPING
37,01:47,перешел в status CANCELED
37,01:47,перешел в status TEST_STOPPING
37,01:47,перешел в status CANCELED
37,01:47,перешел в status TEST_STOPPING
37,01:47,перешел в status CANCELED
37,01:47,перешел в status TEST_STOPPING
37,01:47,перешел в status CANCELED
37,01:47,перешел в status TEST_STOPPING
37,01:47,перешел в status CANCELED
37,01:47,перешел в status TEST_STOPPING
37,01:47,перешел в status CANCELED
37,01:47,перешел в status TEST_STOPPING
37,01:47,перешел в status CANCELED
37,01:47,перешел в status TEST_STOPPING
37,01:47,перешел в status CANCELED
37,01:47,перешел в status TEST_STOPPING
37,01:48,перешел в status CANCELED
37,01:48,перешел в status TEST_STOPPING
37,01:48,перешел в status CANCELED
37,01:48,перешел в status TEST_STOPPING
37,01:48,перешел в status CANCELED
37,01:48,перешел в status TEST_STOPPING
37,01:48,перешел в status CANCELED
37,01:48,перешел в status TEST_STOPPING
37,01:48,перешел в status CANCELED
37,01:48,перешел в status TEST_STOPPING
37,01:48,перешел в status CANCELED
37,01:48,перешел в status TEST_STOPPING
37,01:48,перешел в status CANCELED
37,01:48,перешел в status TEST_STOPPING
37,01:48,перешел в status CANCELED
37,01:48,перешел в status TEST_STOPPING
37,01:48,перешел в status CANCELED
37,01:48,перешел в status TEST_STOPPING
37,01:48,перешел в status CANCELED
37,01:48,перешел в status TEST_STOPPING
37,01:48,перешел в status TEST_STOPPING
37,01:48,перешел в status CANCELED
37,01:48,перешел в status CANCELED
37,01:48,перешел в status TEST_STOPPING
37,01:48,перешел в status CANCELED
37,01:48,перешел в status TEST_STOPPING
37,01:48,перешел в status CANCELED
37,01:48,перешел в status TEST_STOPPING
37,01:48,перешел в status CANCELED
37,01:48,перешел в status TEST_STOPPING
37,01:48,перешел в status CANCELED
37,01:48,перешел в status TEST_STOPPING
37,01:48,перешел в status CANCELED
37,01:48,перешел в status TEST_STOPPING
37,01:48,перешел в status CANCELED
37,01:48,перешел в status TEST_STOPPING
37,01:48,перешел в status CANCELED
37,01:48,перешел в status TEST_STOPPING
37,01:48,перешел в status TEST_STOPPING
37,01:48,перешел в status CANCELED
37,01:48,перешел в status CANCELED
37,01:48,перешел в status TEST_STOPPING
37,01:48,перешел в status CANCELED
37,01:48,перешел в status TEST_STOPPING
37,01:48,перешел в status CANCELED
37,01:48,перешел в status TEST_STOPPING
37,01:48,перешел в status CANCELED
37,01:48,перешел в status TEST_STOPPING
37,01:48,перешел в status CANCELED
37,01:48,перешел в status TEST_STOPPING
37,01:48,перешел в status CANCELED
37,01:48,перешел в status TEST_STOPPING
37,01:48,перешел в status CANCELED
37,01:49,перешел в status TEST_STOPPING
37,01:49,перешел в status CANCELED
37,01:49,перешел в status TEST_STOPPING
37,01:49,перешел в status CANCELED
37,01:49,перешел в status TEST_STOPPING
37,01:49,перешел в status TEST_STOPPING
37,01:49,перешел в status CANCELED
37,01:49,перешел в status TEST_STOPPING
37,01:49,перешел в status CANCELED
37,01:49,перешел в status FAILED
37,01:49,перешел в status TEST_STOPPING
37,01:49,перешел в status CANCELED
37,01:49,перешел в status TEST_STOPPING
37,01:49,перешел в status TEST_STOPPING
37,01:49,перешел в status CANCELED
37,01:49,перешел в status TEST_STOPPING
37,01:49,перешел в status TEST_STOPPING
37,01:49,перешел в status TEST_STOPPING
37,01:49,перешел в status TEST_STOPPING
37,01:49,перешел в status TEST_STOPPING
37,01:49,перешел в status TEST_STOPPING
37,01:49,перешел в status CANCELED
37,01:49,перешел в status TEST_STOPPING
37,01:49,перешел в status TEST_STOPPING
37,01:49,перешел в status CANCELED
37,01:50,перешел в status TEST_STOPPING
37,01:50,перешел в status CANCELED
37,01:50,перешел в status TEST_STOPPING
37,01:50,перешел в status TEST_STOPPING
37,01:50,перешел в status FAILED
37,01:50,перешел в status TEST_STOPPING
37,01:50,перешел в status FAILED
37,01:50,перешел в status TEST_STOPPING
37,01:50,перешел в status FAILED
37,01:50,перешел в status TEST_STOPPING
37,01:50,перешел в status CANCELED
37,01:50,перешел в status FAILED
37,01:50,перешел в status TEST_STOPPING
37,01:50,перешел в status CANCELED
37,01:50,перешел в status TEST_STOPPING
37,01:50,перешел в status TEST_STOPPING
37,01:50,перешел в status CANCELED
37,01:50,перешел в status TEST_STOPPING
37,01:50,перешел в status CANCELED
37,01:50,перешел в status TEST_STOPPING
37,01:50,перешел в status TEST_STOPPING
37,01:50,перешел в status CANCELED
37,01:50,перешел в status CANCELED
37,01:50,перешел в status TEST_STOPPING
37,01:50,перешел в status CANCELED
37,01:50,перешел в status TEST_STOPPING
37,01:50,перешел в status FAILED
37,01:50,перешел в status FAILED
37,01:50,перешел в status TEST_STOPPING
37,01:50,перешел в status TEST_STOPPING
37,01:50,перешел в status FAILED
37,01:50,перешел в status FAILED
37,01:51,перешел в status FAILED
37,01:51,перешел в status TEST_STOPPING
37,01:51,перешел в status CANCELED
37,01:51,перешел в status FAILED
37,01:51,перешел в status FAILED
37,01:51,перешел в status TEST_STOPPING
37,01:51,перешел в status CANCELED
37,01:51,перешел в status FAILED
37,01:51,перешел в status TEST_STOPPING
37,01:51,перешел в status CANCELED
37,01:51,перешел в status FAILED
37,01:51,перешел в status TEST_STOPPING
37,01:51,перешел в status CANCELED
37,01:51,перешел в status TEST_STOPPING
37,01:51,перешел в status CANCELED
37,01:51,перешел в status TEST_STOPPING
37,01:51,перешел в status CANCELED
37,01:51,перешел в status TEST_STOPPING
37,01:51,перешел в status CANCELED
37,01:51,перешел в status FAILED
37,01:51,перешел в status TEST_STOPPING
37,01:51,перешел в status CANCELED
37,01:52,перешел в status TEST_STOPPING
37,01:52,перешел в status CANCELED
37,01:52,перешел в status TEST_STOPPING
37,01:52,перешел в status CANCELED
37,01:52,перешел в status FAILED
37,01:52,перешел в status TEST_STOPPING
37,01:52,перешел в status CANCELED
37,01:52,перешел в status TEST_STOPPING
37,01:52,перешел в status CANCELED
37,01:52,перешел в status TEST_STOPPING
37,01:52,перешел в status CANCELED
37,01:52,перешел в status TEST_STOPPING
37,01:52,перешел в status CANCELED
37,01:52,перешел в status TEST_STOPPING
37,01:52,перешел в status CANCELED
37,01:52,перешел в status TEST_STOPPING
37,01:52,перешел в status CANCELED
37,01:52,перешел в status TEST_STOPPING
37,01:52,перешел в status CANCELED
37,01:52,перешел в status TEST_STOPPING
37,01:52,перешел в status CANCELED
37,01:52,перешел в status TEST_STOPPING
37,01:52,перешел в status CANCELED
37,01:53,перешел в status TEST_STOPPING
37,01:53,перешел в status CANCELED
37,01:53,перешел в status TEST_STOPPING
37,01:53,перешел в status CANCELED
37,01:53,перешел в status TEST_STOPPING
37,01:53,перешел в status CANCELED
37,01:53,перешел в status TEST_STOPPING
37,01:53,перешел в status CANCELED
37,01:53,перешел в status TEST_STOPPING
37,01:53,перешел в status CANCELED
37,01:53,перешел в status TEST_STOPPING
37,01:53,перешел в status CANCELED
37,01:53,перешел в status TEST_STOPPING
37,01:53,перешел в status CANCELED
37,01:53,перешел в status TEST_STOPPING
37,01:53,перешел в status CANCELED
37,01:53,перешел в status TEST_STOPPING
37,01:53,перешел в status CANCELED
37,01:53,перешел в status TEST_STOPPING
37,01:53,перешел в status CANCELED
37,01:53,перешел в status TEST_STOPPING
37,01:53,перешел в status CANCELED
37,01:53,перешел в status TEST_STOPPING
37,01:53,перешел в status CANCELED
37,01:53,перешел в status TEST_STOPPING
37,01:53,перешел в status CANCELED
37,01:53,перешел в status TEST_STOPPING
37,01:53,перешел в status CANCELED
37,01:53,перешел в status TEST_STOPPING
37,01:53,перешел в status CANCELED
37,01:53,перешел в status TEST_STOPPING
37,01:53,перешел в status TEST_STOPPING
37,01:53,перешел в status CANCELED
37,01:53,перешел в status CANCELED
37,01:53,перешел в status TEST_STOPPING
37,01:53,перешел в status CANCELED
37,01:53,перешел в status TEST_STOPPING
37,01:53,перешел в status CANCELED
37,14:30,запустил test
37,14:32,стартовал grafana
37,14:34,запустил test
37,14:34,запустил test
37,14:35,стартовал grafana
37,14:36,стартовал grafana
37,14:37,перешел в status FINISHED
37,14:38,перешел в status TEST_STOPPING
37,14:38,перешел в status CANCELED
37,14:38,перешел в status TEST_STOPPING
37,14:38,перешел в status CANCELED
37,14:41,запустил test
37,14:43,стартовал grafana
37,14:45,перешел в status TEST_STOPPING
37,14:45,перешел в status CANCELED
37,17:31,запустил test
37,17:31,стартовал grafana
37,17:32,запустил test
37,17:34,стартовал grafana
37,17:42,перешел в status FINISHED
37,17:44,перешел в status FINISHED
38,07:49,запустил test
38,07:54,стартовал grafana
38,07:56,перешел в status TEST_STOPPING
38,07:56,перешел в status CANCELED
38,08:28,запустил test
38,08:30,стартовал grafana
38,08:42,перешел в status FINISHED
38,10:59,запустил test
38,10:59,перешел в status TEST_STOPPING
38,10:59,перешел в status FAILED
38,11:03,перешел в status FAILED
38,11:18,запустил test
38,11:20,стартовал grafana
38,11:25,перешел в status FINISHED
38,12:57,запустил test
38,13:00,стартовал grafana
38,13:17,запустил test
38,13:18,перешел в status TEST_STOPPING
38,13:18,перешел в status CANCELED
38,13:18,стартовал grafana
38,14:24,перешел в status FINISHED
39,06:35,запустил test
39,06:37,стартовал grafana
39,06:44,перешел в status FINISHED
39,08:10,запустил test
39,08:11,стартовал grafana
39,08:15,перешел в status FINISHED
39,08:24,запустил test
39,08:26,стартовал grafana
39,09:32,перешел в status FINISHED
40,00:08,команда создана в графане
40,00:08,команда создана
40,00:08,подписка для команды создана
40,00:08,зарегистрировался
40,17:18,запустил test
40,17:20,стартовал grafana
40,17:32,перешел в status FINISHED
41,10:45,команда создана в графане
41,10:45,команда создана
41,10:45,подписка для команды создана
41,10:45,зарегистрировался
41,13:07,запустил test
41,13:09,стартовал grafana
41,13:14,перешел в status FINISHED
42,12:02,запустил test
42,12:05,стартовал grafana
42,13:31,перешел в status FINISHED
42,15:25,ошибка регистрации
42,18:14,запустил test
42,18:15,стартовал grafana
42,18:26,перешел в status FINISHED
42,18:26,запустил test
42,18:26,стартовал grafana
42,18:33,перешел в status FAILED
42,19:55,запустил test
42,19:58,стартовал grafana
42,20:59,перешел в status TEST_STOPPING
42,20:59,перешел в status CANCELED
43,09:28,запустил test
43,09:30,стартовал grafana
43,10:51,перешел в status FINISHED
43,13:49,команда создана в графане
43,13:49,подписка для команды создана
43,13:49,команда создана
43,13:49,зарегистрировался
44,12:04,запустил test
44,12:06,стартовал grafana
44,12:07,перешел в status FAILED
44,12:25,запустил test
44,12:28,стартовал grafana
44,12:31,перешел в status FAILED
44,12:33,запустил test
44,12:35,стартовал grafana
44,12:46,перешел в status FINISHED
44,13:49,команда создана в графане
44,13:49,подписка для команды создана
44,13:49,команда создана
44,13:49,зарегистрировался
44,16:24,запустил test
44,16:28,стартовал grafana
44,17:21,перешел в status TEST_STOPPING
44,17:21,перешел в status CANCELED
45,10:40,команда создана в графане
45,10:40,подписка для команды создана
45,10:40,команда создана
45,10:40,зарегистрировался
45,12:41,запустил test
45,12:43,стартовал grafana
45,12:59,перешел в status FINISHED
45,15:17,команда создана в графане
45,15:17,подписка для команды создана
45,15:17,зарегистрировался
45,15:17,команда создана
45,15:39,запустил test
45,15:40,стартовал grafana
45,15:42,перешел в status FINISHED
45,16:19,запустил test
45,16:21,стартовал grafana
45,16:25,перешел в status FINISHED
45,16:26,запустил test
45,16:27,стартовал grafana
45,16:42,перешел в status FINISHED
